0.75,0.25
0.5,0.5
0.75,0.25
0.75,0.25
0.8333333333333334,0.16666666666666666
0.8181818181818182,0.18181818181818182
0.625,0.375
0.631578947368421,0.3684210526315789
0.8181818181818182,0.18181818181818182
0.2727272727272727,0.7272727272727273
0.25,0.75
0.875,0.125
0.5,0.5
0.8333333333333334,0.16666666666666666
0.8181818181818182,0.18181818181818182
0.625,0.375
0.47368421052631576,0.5263157894736842
0.8181818181818182,0.18181818181818182
0.36363636363636365,0.6363636363636364
0.25,0.75
0.75,0.25
0.5,0.5
0.6,0.4
0.875,0.125
0.75,0.25
0.6666666666666666,0.3333333333333333
0.25,0.75
0.625,0.375
0.8333333333333334,0.16666666666666666
0.6666666666666666,0.3333333333333333
0.6,0.4
0.875,0.125
0.75,0.25
0.6666666666666666,0.3333333333333333
0.25,0.75
0.75,0.25
0.6666666666666666,0.3333333333333333
0.6666666666666666,0.3333333333333333
0.6666666666666666,0.3333333333333333
0.8571428571428571,0.14285714285714285
0.75,0.25
0.7142857142857143,0.2857142857142857
0.7307692307692307,0.2692307692307692
0.6363636363636364,0.36363636363636365
0.8181818181818182,0.18181818181818182
0.125,0.875
0.625,0.375
0.8333333333333334,0.16666666666666666
0.75,0.25
0.8571428571428571,0.14285714285714285
0.75,0.25
0.7142857142857143,0.2857142857142857
0.7307692307692307,0.2692307692307692
0.5454545454545454,0.45454545454545453
0.8181818181818182,0.18181818181818182
0.375,0.625
0.625,0.375
0.8333333333333334,0.16666666666666666
0.7777777777777778,0.2222222222222222
0.8181818181818182,0.18181818181818182
0.75,0.25
0.4,0.6
0.3333333333333333,0.6666666666666666
0.7142857142857143,0.2857142857142857
0.5,0.5
0.8888888888888888,0.1111111111111111
0.6666666666666666,0.3333333333333333
0.8571428571428571,0.14285714285714285
0.6666666666666666,0.3333333333333333
0.88,0.12
0.75,0.25
0.75,0.25
0.7272727272727273,0.2727272727272727
0.8,0.2
0.5,0.5
0.6666666666666666,0.3333333333333333
0.8,0.2
0.6666666666666666,0.3333333333333333
0.8571428571428571,0.14285714285714285
0.75,0.25
0.7647058823529411,0.23529411764705882
0.8888888888888888,0.1111111111111111
0.7692307692307693,0.23076923076923078
0.75,0.25
0.9166666666666666,0.08333333333333333
0.9230769230769231,0.07692307692307693
0.75,0.25
0.25,0.75
0.5714285714285714,0.42857142857142855
0.7857142857142857,0.21428571428571427
0.4444444444444444,0.5555555555555556
0.8333333333333334,0.16666666666666666
0.6666666666666666,0.3333333333333333
0.42857142857142855,0.5714285714285714
0.5555555555555556,0.4444444444444444
0.8333333333333334,0.16666666666666666
0.5,0.5
0.75,0.25
0.75,0.25
0.625,0.375
0.6666666666666666,0.3333333333333333
0.2857142857142857,0.7142857142857143
0.6666666666666666,0.3333333333333333
0.8333333333333334,0.16666666666666666
0.6666666666666666,0.3333333333333333
0.75,0.25
0.75,0.25
0.75,0.25
0.6666666666666666,0.3333333333333333
0.2857142857142857,0.7142857142857143
0.5555555555555556,0.4444444444444444
0.8333333333333334,0.16666666666666666
0.6666666666666666,0.3333333333333333
0.75,0.25
0.75,0.25
0.75,0.25
0.6666666666666666,0.3333333333333333
0.5,0.5
0.9,0.1
0.75,0.25
0.7,0.3
0.8571428571428571,0.14285714285714285
0.6666666666666666,0.3333333333333333
0.7777777777777778,0.2222222222222222
0.6,0.4
0.6666666666666666,0.3333333333333333
0.6,0.4
0.8571428571428571,0.14285714285714285
0.5714285714285714,0.42857142857142855
0.7777777777777778,0.2222222222222222
0.75,0.25
0.6666666666666666,0.3333333333333333
0.8888888888888888,0.1111111111111111
0.6,0.4
0.6666666666666666,0.3333333333333333
0.4,0.6
0.8571428571428571,0.14285714285714285
0.2857142857142857,0.7142857142857143
0.8888888888888888,0.1111111111111111
0.75,0.25
0.8888888888888888,0.1111111111111111
0.6923076923076923,0.3076923076923077
0.75,0.25
0.5,0.5
0.4,0.6
0.7272727272727273,0.2727272727272727
0.8333333333333334,0.16666666666666666
0.6,0.4
0.25,0.75
0.9230769230769231,0.07692307692307693
0.8571428571428571,0.14285714285714285
0.6,0.4
0.8,0.2
0.6923076923076923,0.3076923076923077
0.625,0.375
0.25,0.75
0.75,0.25
0.8571428571428571,0.14285714285714285
0.6666666666666666,0.3333333333333333
0.16666666666666666,0.8333333333333334
0.75,0.25
0.5,0.5
0.6666666666666666,0.3333333333333333
0.5,0.5
0.2857142857142857,0.7142857142857143
0.5,0.5
0.5,0.5
0.6666666666666666,0.3333333333333333
0.25,0.75
0.42857142857142855,0.5714285714285714
0.5,0.5
0.8333333333333334,0.16666666666666666
0.875,0.125
0.5,0.5
0.6923076923076923,0.3076923076923077
0.5,0.5
0.42857142857142855,0.5714285714285714
0.8,0.2
0.5,0.5
0.6666666666666666,0.3333333333333333
0.6,0.4
0.7142857142857143,0.2857142857142857
0.7142857142857143,0.2857142857142857
0.6,0.4
0.75,0.25
0.875,0.125
0.6666666666666666,0.3333333333333333
0.3333333333333333,0.6666666666666666
0.8571428571428571,0.14285714285714285
0.7272727272727273,0.2727272727272727
0.6,0.4
0.5,0.5
0.8571428571428571,0.14285714285714285
0.75,0.25
0.6666666666666666,0.3333333333333333
0.3,0.7
0.75,0.25
0.38461538461538464,0.6153846153846154
0.7142857142857143,0.2857142857142857
0.8181818181818182,0.18181818181818182
0.7,0.3
0.5,0.5
0.8571428571428571,0.14285714285714285
0.5,0.5
0.6666666666666666,0.3333333333333333
0.3,0.7
0.75,0.25
0.46153846153846156,0.5384615384615384
0.6428571428571429,0.35714285714285715
0.7272727272727273,0.2727272727272727
0.7,0.3
0.5,0.5
0.8571428571428571,0.14285714285714285
0.5,0.5
0.6666666666666666,0.3333333333333333
0.3,0.7
0.75,0.25
0.3076923076923077,0.6923076923076923
0.7142857142857143,0.2857142857142857
0.7272727272727273,0.2727272727272727
0.7,0.3
0.5,0.5
0.7142857142857143,0.2857142857142857
0.5,0.5
0.6666666666666666,0.3333333333333333
0.3,0.7
0.75,0.25
0.3076923076923077,0.6923076923076923
0.7142857142857143,0.2857142857142857
0.7272727272727273,0.2727272727272727
0.7,0.3
0.75,0.25
0.8571428571428571,0.14285714285714285
0.75,0.25
0.6666666666666666,0.3333333333333333
0.3,0.7
0.75,0.25
0.38461538461538464,0.6153846153846154
0.8333333333333334,0.16666666666666666
0.55,0.45
0.75,0.25
0.375,0.625
0.4166666666666667,0.5833333333333334
0.5,0.5
0.75,0.25
0.6,0.4
0.8333333333333334,0.16666666666666666
0.6666666666666666,0.3333333333333333
0.75,0.25
0.75,0.25
0.8888888888888888,0.1111111111111111
0.5714285714285714,0.42857142857142855
0.75,0.25
0.5,0.5
0.75,0.25
0.7142857142857143,0.2857142857142857
0.5,0.5
0.375,0.625
0.6666666666666666,0.3333333333333333
0.5,0.5
0.6666666666666666,0.3333333333333333
0.625,0.375
0.75,0.25
0.75,0.25
0.42857142857142855,0.5714285714285714
0.625,0.375
0.625,0.375
0.6666666666666666,0.3333333333333333
0.5,0.5
0.6666666666666666,0.3333333333333333
0.75,0.25
0.75,0.25
0.75,0.25
0.5714285714285714,0.42857142857142855
0.5,0.5
0.625,0.375
0.6666666666666666,0.3333333333333333
0.5,0.5
0.6666666666666666,0.3333333333333333
0.75,0.25
0.625,0.375
0.6666666666666666,0.3333333333333333
0.2857142857142857,0.7142857142857143
0.45454545454545453,0.5454545454545454
0.6666666666666666,0.3333333333333333
0.5,0.5
0.6,0.4
0.6,0.4
0.6,0.4
0.5555555555555556,0.4444444444444444
0.7777777777777778,0.2222222222222222
0.8,0.2
0.8888888888888888,0.1111111111111111
0.75,0.25
0.8,0.2
0.5714285714285714,0.42857142857142855
0.8,0.2
0.6666666666666666,0.3333333333333333
0.75,0.25
0.4,0.6
0.8,0.2
0.875,0.125
0.4,0.6
0.875,0.125
0.8333333333333334,0.16666666666666666
0.4,0.6
0.8,0.2
0.875,0.125
0.6,0.4
0.875,0.125
0.8333333333333334,0.16666666666666666
0.6,0.4
0.9285714285714286,0.07142857142857142
0.8,0.2
0.6666666666666666,0.3333333333333333
0.75,0.25
0.6666666666666666,0.3333333333333333
0.7142857142857143,0.2857142857142857
0.8333333333333334,0.16666666666666666
0.7142857142857143,0.2857142857142857
0.8,0.2
0.8571428571428571,0.14285714285714285
0.42857142857142855,0.5714285714285714
0.5714285714285714,0.42857142857142855
0.4,0.6
0.875,0.125
0.6666666666666666,0.3333333333333333
0.6,0.4
0.8,0.2
0.625,0.375
0.6153846153846154,0.38461538461538464
0.6923076923076923,0.3076923076923077
0.6,0.4
0.8,0.2
0.42857142857142855,0.5714285714285714
0.6666666666666666,0.3333333333333333
0.8571428571428571,0.14285714285714285
0.6428571428571429,0.35714285714285715
0.6666666666666666,0.3333333333333333
0.75,0.25
0.8,0.2
0.6,0.4
0.5,0.5
0.4,0.6
0.625,0.375
0.75,0.25
0.8333333333333334,0.16666666666666666
0.5,0.5
0.9090909090909091,0.09090909090909091
0.5,0.5
0.75,0.25
0.6666666666666666,0.3333333333333333
0.5,0.5
0.8571428571428571,0.14285714285714285
0.38461538461538464,0.6153846153846154
0.5833333333333334,0.4166666666666667
0.5555555555555556,0.4444444444444444
0.7777777777777778,0.2222222222222222
0.7142857142857143,0.2857142857142857
0.375,0.625
0.7,0.3
0.8,0.2
0.8,0.2
0.38461538461538464,0.6153846153846154
0.5,0.5
0.6666666666666666,0.3333333333333333
0.7777777777777778,0.2222222222222222
0.7142857142857143,0.2857142857142857
0.375,0.625
0.8,0.2
0.8,0.2
0.8,0.2
0.6923076923076923,0.3076923076923077
0.5833333333333334,0.4166666666666667
0.4444444444444444,0.5555555555555556
0.7777777777777778,0.2222222222222222
0.7142857142857143,0.2857142857142857
0.375,0.625
0.8,0.2
0.8,0.2
0.8,0.2
0.5,0.5
0.6842105263157895,0.3157894736842105
0.6666666666666666,0.3333333333333333
0.8333333333333334,0.16666666666666666
0.4375,0.5625
0.6666666666666666,0.3333333333333333
0.7142857142857143,0.2857142857142857
0.5,0.5
0.75,0.25
0.875,0.125
0.6,0.4
0.5294117647058824,0.47058823529411764
0.6666666666666666,0.3333333333333333
0.8333333333333334,0.16666666666666666
0.5,0.5
0.5714285714285714,0.42857142857142855
0.875,0.125
0.8,0.2
0.3333333333333333,0.6666666666666666
0.6666666666666666,0.3333333333333333
0.75,0.25
0.8888888888888888,0.1111111111111111
0.4444444444444444,0.5555555555555556
0.5,0.5
0.75,0.25
0.5,0.5
0.6,0.4
0.8333333333333334,0.16666666666666666
0.8333333333333334,0.16666666666666666
0.2857142857142857,0.7142857142857143
0.8,0.2
0.6666666666666666,0.3333333333333333
0.75,0.25
0.5,0.5
0.8,0.2
0.8333333333333334,0.16666666666666666
0.8333333333333334,0.16666666666666666
0.5714285714285714,0.42857142857142855
0.8,0.2
0.8333333333333334,0.16666666666666666
0.75,0.25
0.5,0.5
0.8,0.2
0.8333333333333334,0.16666666666666666
0.8333333333333334,0.16666666666666666
0.2857142857142857,0.7142857142857143
0.8,0.2
0.8333333333333334,0.16666666666666666
0.625,0.375
0.5,0.5
0.9,0.1
0.75,0.25
0.6666666666666666,0.3333333333333333
0.6,0.4
0.875,0.125
0.8,0.2
0.5,0.5
0.75,0.25
0.8571428571428571,0.14285714285714285
0.75,0.25
0.5,0.5
0.36363636363636365,0.6363636363636364
0.38461538461538464,0.6153846153846154
0.125,0.875
0.26666666666666666,0.7333333333333333
0.7777777777777778,0.2222222222222222
0.3333333333333333,0.6666666666666666
0.5,0.5
0.36363636363636365,0.6363636363636364
0.3076923076923077,0.6923076923076923
0.5,0.5
0.26666666666666666,0.7333333333333333
0.6666666666666666,0.3333333333333333
0.3333333333333333,0.6666666666666666
0.5,0.5
0.36363636363636365,0.6363636363636364
0.38461538461538464,0.6153846153846154
0.125,0.875
0.3333333333333333,0.6666666666666666
0.7777777777777778,0.2222222222222222
0.3333333333333333,0.6666666666666666
0.375,0.625
0.6666666666666666,0.3333333333333333
0.25,0.75
0.6666666666666666,0.3333333333333333
0.6666666666666666,0.3333333333333333
0.5,0.5
0.6,0.4
0.7142857142857143,0.2857142857142857
0.5,0.5
0.6666666666666666,0.3333333333333333
0.8461538461538461,0.15384615384615385
0.4444444444444444,0.5555555555555556
0.25,0.75
0.8571428571428571,0.14285714285714285
0.75,0.25
0.2,0.8
0.5714285714285714,0.42857142857142855
0.5,0.5
0.5555555555555556,0.4444444444444444
0.8,0.2
0.75,0.25
0.2222222222222222,0.7777777777777778
0.7692307692307693,0.23076923076923078
0.7142857142857143,0.2857142857142857
0.75,0.25
0.2,0.8
0.5714285714285714,0.42857142857142855
0.5,0.5
0.5555555555555556,0.4444444444444444
0.8,0.2
0.75,0.25
0.2222222222222222,0.7777777777777778
0.6153846153846154,0.38461538461538464
0.7142857142857143,0.2857142857142857
0.75,0.25
0.1,0.9
0.42857142857142855,0.5714285714285714
0.5,0.5
0.5555555555555556,0.4444444444444444
0.8,0.2
0.75,0.25
0.2222222222222222,0.7777777777777778
0.6153846153846154,0.38461538461538464
0.7142857142857143,0.2857142857142857
0.75,0.25
0.2,0.8
0.5714285714285714,0.42857142857142855
0.5,0.5
0.5555555555555556,0.4444444444444444
0.8,0.2
0.75,0.25
0.2222222222222222,0.7777777777777778
0.6923076923076923,0.3076923076923077
0.7142857142857143,0.2857142857142857
0.75,0.25
0.2,0.8
0.5714285714285714,0.42857142857142855
0.5,0.5
0.5555555555555556,0.4444444444444444
0.8,0.2
0.75,0.25
0.2222222222222222,0.7777777777777778
0.6153846153846154,0.38461538461538464
0.7142857142857143,0.2857142857142857
0.375,0.625
0.1,0.9
0.42857142857142855,0.5714285714285714
0.5,0.5
0.5555555555555556,0.4444444444444444
0.8,0.2
0.75,0.25
0.2222222222222222,0.7777777777777778
0.6923076923076923,0.3076923076923077
0.7142857142857143,0.2857142857142857
0.375,0.625
0.2,0.8
0.5714285714285714,0.42857142857142855
0.6666666666666666,0.3333333333333333
0.5555555555555556,0.4444444444444444
0.8,0.2
0.75,0.25
0.2222222222222222,0.7777777777777778
0.6923076923076923,0.3076923076923077
0.7142857142857143,0.2857142857142857
0.75,0.25
0.1,0.9
0.5714285714285714,0.42857142857142855
0.5,0.5
0.4444444444444444,0.5555555555555556
0.8,0.2
0.75,0.25
0.2222222222222222,0.7777777777777778
0.5384615384615384,0.46153846153846156
0.7142857142857143,0.2857142857142857
0.8571428571428571,0.14285714285714285
0.75,0.25
0.8571428571428571,0.14285714285714285
0.7777777777777778,0.2222222222222222
0.8571428571428571,0.14285714285714285
0.3333333333333333,0.6666666666666666
0.5714285714285714,0.42857142857142855
0.6666666666666666,0.3333333333333333
0.6666666666666666,0.3333333333333333
0.6363636363636364,0.36363636363636365
0.4,0.6
0.5,0.5
0.5,0.5
0.5555555555555556,0.4444444444444444
0.7142857142857143,0.2857142857142857
0.6666666666666666,0.3333333333333333
0.5,0.5
0.5,0.5
0.8333333333333334,0.16666666666666666
0.6666666666666666,0.3333333333333333
0.8,0.2
0.6666666666666666,0.3333333333333333
0.8333333333333334,0.16666666666666666
0.4444444444444444,0.5555555555555556
0.8,0.2
0.8,0.2
0.6666666666666666,0.3333333333333333
0.5,0.5
0.5333333333333333,0.4666666666666667
0.46153846153846156,0.5384615384615384
0.8571428571428571,0.14285714285714285
0.5,0.5
0.875,0.125
0.6,0.4
0.8,0.2
0.75,0.25
0.7142857142857143,0.2857142857142857
0.3333333333333333,0.6666666666666666
0.5,0.5
0.8,0.2
0.6,0.4
0.8,0.2
0.6666666666666666,0.3333333333333333
0.7142857142857143,0.2857142857142857
0.3333333333333333,0.6666666666666666
0.5,0.5
0.8,0.2
0.6,0.4
0.8,0.2
0.75,0.25
0.7142857142857143,0.2857142857142857
0.3333333333333333,0.6666666666666666
0.5,0.5
0.6,0.4
0.3333333333333333,0.6666666666666666
0.75,0.25
0.6666666666666666,0.3333333333333333
0.7142857142857143,0.2857142857142857
0.7142857142857143,0.2857142857142857
0.5384615384615384,0.46153846153846156
0.5555555555555556,0.4444444444444444
0.75,0.25
0.7777777777777778,0.2222222222222222
0.7142857142857143,0.2857142857142857
0.75,0.25
0.8571428571428571,0.14285714285714285
0.8,0.2
0.6666666666666666,0.3333333333333333
0.5,0.5
0.8571428571428571,0.14285714285714285
0.5,0.5
0.5,0.5
0.7142857142857143,0.2857142857142857
0.8571428571428571,0.14285714285714285
0.75,0.25
0.75,0.25
0.75,0.25
0.7142857142857143,0.2857142857142857
0.75,0.25
0.6363636363636364,0.36363636363636365
0.6428571428571429,0.35714285714285715
0.5,0.5
0.5833333333333334,0.4166666666666667
0.25,0.75
0.4074074074074074,0.5925925925925926
0.6216216216216216,0.3783783783783784
0.5454545454545454,0.45454545454545453
0.9230769230769231,0.07692307692307693
0.625,0.375
0.9,0.1
0.8571428571428571,0.14285714285714285
0.8181818181818182,0.18181818181818182
0.125,0.875
0.625,0.375
0.8333333333333334,0.16666666666666666
0.6666666666666666,0.3333333333333333
0.5,0.5
0.23076923076923078,0.7692307692307693
0.6,0.4
0.6,0.4
0.6,0.4
0.8181818181818182,0.18181818181818182
0.125,0.875
0.8125,0.1875
0.5,0.5
0.6666666666666666,0.3333333333333333
0.5,0.5
0.23076923076923078,0.7692307692307693
0.6,0.4
0.6,0.4
0.8,0.2
0.8,0.2
0.75,0.25
0.8,0.2
0.75,0.25
0.8,0.2
0.5,0.5
0.08333333333333333,0.9166666666666666
0.5714285714285714,0.42857142857142855
0.3333333333333333,0.6666666666666666
0.16666666666666666,0.8333333333333334
0.16666666666666666,0.8333333333333334
0.75,0.25
0.2222222222222222,0.7777777777777778
0.6666666666666666,0.3333333333333333
0.2,0.8
0.16666666666666666,0.8333333333333334
0.42857142857142855,0.5714285714285714
0.3333333333333333,0.6666666666666666
0.16666666666666666,0.8333333333333334
0.16666666666666666,0.8333333333333334
0.75,0.25
0.2222222222222222,0.7777777777777778
0.6666666666666666,0.3333333333333333
0.2,0.8
0.08333333333333333,0.9166666666666666
0.5714285714285714,0.42857142857142855
0.4444444444444444,0.5555555555555556
0.16666666666666666,0.8333333333333334
0.16666666666666666,0.8333333333333334
0.75,0.25
0.2222222222222222,0.7777777777777778
0.6666666666666666,0.3333333333333333
0.2,0.8
0.08333333333333333,0.9166666666666666
0.5714285714285714,0.42857142857142855
0.3333333333333333,0.6666666666666666
0.16666666666666666,0.8333333333333334
0.5,0.5
0.75,0.25
0.3333333333333333,0.6666666666666666
0.6666666666666666,0.3333333333333333
0.3,0.7
0.4375,0.5625
0.5714285714285714,0.42857142857142855
0.6666666666666666,0.3333333333333333
0.6,0.4
0.5333333333333333,0.4666666666666667
0.42857142857142855,0.5714285714285714
0.375,0.625
0.5,0.5
0.375,0.625
0.5714285714285714,0.42857142857142855
0.6666666666666666,0.3333333333333333
0.6,0.4
0.6,0.4
0.7142857142857143,0.2857142857142857
0.5,0.5
0.5,0.5
0.6428571428571429,0.35714285714285715
0.5,0.5
0.4,0.6
0.75,0.25
0.75,0.25
0.6,0.4
0.4,0.6
0.75,0.25
0.4666666666666667,0.5333333333333333
0.9,0.1
0.7,0.3
0.3333333333333333,0.6666666666666666
0.4444444444444444,0.5555555555555556
0.4,0.6
0.15384615384615385,0.8461538461538461
0.6923076923076923,0.3076923076923077
0.8888888888888888,0.1111111111111111
0.8333333333333334,0.16666666666666666
0.7142857142857143,0.2857142857142857
0.75,0.25
0.6666666666666666,0.3333333333333333
0.5454545454545454,0.45454545454545453
0.8181818181818182,0.18181818181818182
0.6666666666666666,0.3333333333333333
0.7,0.3
0.9473684210526315,0.05263157894736842
0.8,0.2
0.7272727272727273,0.2727272727272727
0.75,0.25
0.875,0.125
0.25,0.75
0.8,0.2
0.45454545454545453,0.5454545454545454
0.5,0.5
0.5714285714285714,0.42857142857142855
0.75,0.25
0.6666666666666666,0.3333333333333333
0.6,0.4
0.75,0.25
0.75,0.25
0.5454545454545454,0.45454545454545453
0.5,0.5
0.8571428571428571,0.14285714285714285
0.75,0.25
0.6666666666666666,0.3333333333333333
0.8,0.2
0.5,0.5
0.75,0.25
0.5454545454545454,0.45454545454545453
0.5,0.5
0.8571428571428571,0.14285714285714285
0.625,0.375
0.6666666666666666,0.3333333333333333
0.8,0.2
0.625,0.375
0.75,0.25
0.5454545454545454,0.45454545454545453
0.5,0.5
0.8571428571428571,0.14285714285714285
0.625,0.375
0.5,0.5
0.6,0.4
0.625,0.375
0.75,0.25
0.75,0.25
0.5714285714285714,0.42857142857142855
0.5,0.5
0.6,0.4
0.25,0.75
0.5454545454545454,0.45454545454545453
0.6666666666666666,0.3333333333333333
0.75,0.25
0.5714285714285714,0.42857142857142855
0.6,0.4
0.3333333333333333,0.6666666666666666
0.6666666666666666,0.3333333333333333
0.25,0.75
0.5454545454545454,0.45454545454545453
0.6666666666666666,0.3333333333333333
0.75,0.25
0.7142857142857143,0.2857142857142857
0.6,0.4
0.3333333333333333,0.6666666666666666
0.5833333333333334,0.4166666666666667
0.75,0.25
0.8,0.2
0.8571428571428571,0.14285714285714285
0.6,0.4
0.875,0.125
0.4,0.6
0.7857142857142857,0.21428571428571427
0.9090909090909091,0.09090909090909091
0.8,0.2
0.8571428571428571,0.14285714285714285
0.6,0.4
0.875,0.125
0.4,0.6
0.6428571428571429,0.35714285714285715
0.9090909090909091,0.09090909090909091
0.625,0.375
0.8,0.2
0.6666666666666666,0.3333333333333333
0.5833333333333334,0.4166666666666667
0.6086956521739131,0.391304347826087
0.8,0.2
0.8333333333333334,0.16666666666666666
0.8333333333333334,0.16666666666666666
0.75,0.25
0.85,0.15
0.75,0.25
0.75,0.25
0.4166666666666667,0.5833333333333334
0.3333333333333333,0.6666666666666666
0.8333333333333334,0.16666666666666666
0.7142857142857143,0.2857142857142857
0.6,0.4
0.7777777777777778,0.2222222222222222
0.75,0.25
0.8461538461538461,0.15384615384615385
0.5,0.5
0.75,0.25
0.25,0.75
0.8333333333333334,0.16666666666666666
0.8333333333333334,0.16666666666666666
0.25,0.75
0.5555555555555556,0.4444444444444444
0.6,0.4
0.8333333333333334,0.16666666666666666
0.09090909090909091,0.9090909090909091
0.5714285714285714,0.42857142857142855
0.75,0.25
0.75,0.25
0.8333333333333334,0.16666666666666666
0.8333333333333334,0.16666666666666666
0.25,0.75
0.5555555555555556,0.4444444444444444
0.8,0.2
0.8333333333333334,0.16666666666666666
0.09090909090909091,0.9090909090909091
0.5714285714285714,0.42857142857142855
0.75,0.25
0.75,0.25
0.8333333333333334,0.16666666666666666
0.8333333333333334,0.16666666666666666
0.5,0.5
0.5555555555555556,0.4444444444444444
0.8,0.2
0.6666666666666666,0.3333333333333333
0.18181818181818182,0.8181818181818182
0.5714285714285714,0.42857142857142855
0.75,0.25
0.75,0.25
0.6666666666666666,0.3333333333333333
0.8333333333333334,0.16666666666666666
0.25,0.75
0.5555555555555556,0.4444444444444444
0.8,0.2
0.8333333333333334,0.16666666666666666
0.09090909090909091,0.9090909090909091
0.5714285714285714,0.42857142857142855
0.75,0.25
0.75,0.25
0.8333333333333334,0.16666666666666666
0.8333333333333334,0.16666666666666666
0.25,0.75
0.5555555555555556,0.4444444444444444
0.6,0.4
0.6666666666666666,0.3333333333333333
0.09090909090909091,0.9090909090909091
0.5714285714285714,0.42857142857142855
0.75,0.25
0.75,0.25
0.8333333333333334,0.16666666666666666
0.8333333333333334,0.16666666666666666
0.25,0.75
0.5555555555555556,0.4444444444444444
0.8,0.2
0.6666666666666666,0.3333333333333333
0.09090909090909091,0.9090909090909091
0.5714285714285714,0.42857142857142855
0.75,0.25
0.75,0.25
0.5,0.5
0.8333333333333334,0.16666666666666666
0.25,0.75
0.5555555555555556,0.4444444444444444
0.6,0.4
0.8333333333333334,0.16666666666666666
0.2727272727272727,0.7272727272727273
0.5714285714285714,0.42857142857142855
0.75,0.25
0.75,0.25
0.5,0.5
0.8333333333333334,0.16666666666666666
0.25,0.75
0.5555555555555556,0.4444444444444444
0.8,0.2
0.6666666666666666,0.3333333333333333
0.18181818181818182,0.8181818181818182
0.42857142857142855,0.5714285714285714
0.75,0.25
0.75,0.25
0.8333333333333334,0.16666666666666666
0.8333333333333334,0.16666666666666666
0.25,0.75
0.5555555555555556,0.4444444444444444
0.8,0.2
0.8333333333333334,0.16666666666666666
0.09090909090909091,0.9090909090909091
0.5714285714285714,0.42857142857142855
0.75,0.25
0.75,0.25
0.8333333333333334,0.16666666666666666
0.8333333333333334,0.16666666666666666
0.25,0.75
0.5555555555555556,0.4444444444444444
0.6,0.4
0.8333333333333334,0.16666666666666666
0.09090909090909091,0.9090909090909091
0.5714285714285714,0.42857142857142855
0.75,0.25
0.625,0.375
0.6666666666666666,0.3333333333333333
0.8333333333333334,0.16666666666666666
0.25,0.75
0.5555555555555556,0.4444444444444444
0.8,0.2
0.8333333333333334,0.16666666666666666
0.09090909090909091,0.9090909090909091
0.5714285714285714,0.42857142857142855
0.75,0.25
0.75,0.25
0.5,0.5
0.8333333333333334,0.16666666666666666
0.25,0.75
0.5555555555555556,0.4444444444444444
0.8,0.2
0.8333333333333334,0.16666666666666666
0.09090909090909091,0.9090909090909091
0.5714285714285714,0.42857142857142855
0.75,0.25
0.75,0.25
0.6666666666666666,0.3333333333333333
0.5,0.5
0.25,0.75
0.5555555555555556,0.4444444444444444
0.8,0.2
0.6666666666666666,0.3333333333333333
0.09090909090909091,0.9090909090909091
0.5714285714285714,0.42857142857142855
0.75,0.25
0.75,0.25
0.4,0.6
0.375,0.625
0.75,0.25
0.631578947368421,0.3684210526315789
0.7142857142857143,0.2857142857142857
0.5,0.5
0.6,0.4
0.6,0.4
0.4444444444444444,0.5555555555555556
0.4,0.6
0.375,0.625
0.5,0.5
0.5789473684210527,0.42105263157894735
0.7142857142857143,0.2857142857142857
0.5,0.5
0.6,0.4
0.6,0.4
0.6666666666666666,0.3333333333333333
0.4,0.6
0.375,0.625
0.5,0.5
0.631578947368421,0.3684210526315789
0.7142857142857143,0.2857142857142857
0.5,0.5
0.6,0.4
0.6,0.4
0.4444444444444444,0.5555555555555556
0.6666666666666666,0.3333333333333333
0.42857142857142855,0.5714285714285714
0.6666666666666666,0.3333333333333333
0.75,0.25
0.75,0.25
0.5714285714285714,0.42857142857142855
0.25,0.75
0.5,0.5
0.6666666666666666,0.3333333333333333
0.3333333333333333,0.6666666666666666
0.4,0.6
0.5,0.5
0.5714285714285714,0.42857142857142855
0.5384615384615384,0.46153846153846156
0.7777777777777778,0.2222222222222222
0.2,0.8
0.5454545454545454,0.45454545454545453
0.75,0.25
0.6363636363636364,0.36363636363636365
0.6666666666666666,0.3333333333333333
0.5,0.5
0.7272727272727273,0.2727272727272727
0.75,0.25
0.6153846153846154,0.38461538461538464
0.7777777777777778,0.2222222222222222
0.2,0.8
0.7272727272727273,0.2727272727272727
0.75,0.25
0.6363636363636364,0.36363636363636365
0.6666666666666666,0.3333333333333333
0.25,0.75
0.7272727272727273,0.2727272727272727
0.75,0.25
0.8333333333333334,0.16666666666666666
0.8888888888888888,0.1111111111111111
0.6666666666666666,0.3333333333333333
0.625,0.375
0.7142857142857143,0.2857142857142857
0.6,0.4
0.5833333333333334,0.4166666666666667
0.3,0.7
0.5454545454545454,0.45454545454545453
0.75,0.25
0.5,0.5
0.6666666666666666,0.3333333333333333
0.8,0.2
0.5,0.5
0.8,0.2
0.8888888888888888,0.1111111111111111
0.6666666666666666,0.3333333333333333
0.8888888888888888,0.1111111111111111
0.5,0.5
0.5714285714285714,0.42857142857142855
0.75,0.25
0.8571428571428571,0.14285714285714285
0.7272727272727273,0.2727272727272727
0.3333333333333333,0.6666666666666666
0.8461538461538461,0.15384615384615385
0.6,0.4
0.6,0.4
0.75,0.25
0.4444444444444444,0.5555555555555556
0.6,0.4
0.6666666666666666,0.3333333333333333
0.9,0.1
0.3333333333333333,0.6666666666666666
0.8461538461538461,0.15384615384615385
0.6,0.4
0.8,0.2
0.5,0.5
0.4444444444444444,0.5555555555555556
0.6,0.4
0.6666666666666666,0.3333333333333333
0.9,0.1
0.7777777777777778,0.2222222222222222
0.9230769230769231,0.07692307692307693
0.6,0.4
0.8888888888888888,0.1111111111111111
0.5,0.5
0.8,0.2
0.8,0.2
0.5,0.5
0.6666666666666666,0.3333333333333333
0.9230769230769231,0.07692307692307693
0.6,0.4
0.8888888888888888,0.1111111111111111
0.3333333333333333,0.6666666666666666
0.8,0.2
0.8,0.2
0.5,0.5
0.2727272727272727,0.7272727272727273
0.5555555555555556,0.4444444444444444
0.8571428571428571,0.14285714285714285
0.8,0.2
0.16666666666666666,0.8333333333333334
0.75,0.25
0.375,0.625
0.75,0.25
0.6666666666666666,0.3333333333333333
0.6,0.4
0.75,0.25
0.7,0.3
0.75,0.25
0.3333333333333333,0.6666666666666666
0.7142857142857143,0.2857142857142857
0.75,0.25
0.5,0.5
0.6,0.4
0.75,0.25
0.6,0.4
0.5,0.5
0.3333333333333333,0.6666666666666666
0.7142857142857143,0.2857142857142857
0.625,0.375
0.5,0.5
0.6,0.4
0.75,0.25
0.7,0.3
0.75,0.25
0.16666666666666666,0.8333333333333334
0.8571428571428571,0.14285714285714285
0.75,0.25
0.5,0.5
0.6,0.4
0.75,0.25
0.7,0.3
0.75,0.25
0.25,0.75
0.7142857142857143,0.2857142857142857
0.5,0.5
0.5,0.5
0.6,0.4
0.75,0.25
0.6,0.4
0.5,0.5
0.3333333333333333,0.6666666666666666
0.8571428571428571,0.14285714285714285
0.75,0.25
0.5,0.5
0.6,0.4
0.5,0.5
0.6,0.4
0.75,0.25
0.25,0.75
0.7142857142857143,0.2857142857142857
0.75,0.25
0.5,0.5
0.6,0.4
0.75,0.25
0.7,0.3
0.75,0.25
0.75,0.25
0.5714285714285714,0.42857142857142855
0.625,0.375
0.5,0.5
0.6,0.4
0.75,0.25
0.7,0.3
0.5,0.5
0.3333333333333333,0.6666666666666666
0.7142857142857143,0.2857142857142857
0.75,0.25
0.5,0.5
0.5,0.5
0.5,0.5
0.75,0.25
0.8888888888888888,0.1111111111111111
0.5,0.5
0.7,0.3
0.75,0.25
0.8888888888888888,0.1111111111111111
0.5,0.5
0.5,0.5
0.75,0.25
0.7777777777777778,0.2222222222222222
0.4,0.6
0.75,0.25
0.8571428571428571,0.14285714285714285
0.2857142857142857,0.7142857142857143
0.7272727272727273,0.2727272727272727
0.9,0.1
0.75,0.25
0.6153846153846154,0.38461538461538464
0.8571428571428571,0.14285714285714285
0.8,0.2
0.6666666666666666,0.3333333333333333
0.8,0.2
0.8,0.2
0.8,0.2
0.75,0.25
0.625,0.375
0.8571428571428571,0.14285714285714285
0.4,0.6
0.8571428571428571,0.14285714285714285
0.8,0.2
0.6666666666666666,0.3333333333333333
0.8,0.2
0.8,0.2
0.8,0.2
0.5,0.5
0.625,0.375
0.8571428571428571,0.14285714285714285
0.6,0.4
0.5833333333333334,0.4166666666666667
0.6923076923076923,0.3076923076923077
0.14285714285714285,0.8571428571428571
0.7142857142857143,0.2857142857142857
0.6,0.4
0.5,0.5
0.8571428571428571,0.14285714285714285
0.4,0.6
0.6,0.4
0.6875,0.3125
0.36363636363636365,0.6363636363636364
0.5714285714285714,0.42857142857142855
0.75,0.25
0.5714285714285714,0.42857142857142855
0.6,0.4
0.25,0.75
0.8571428571428571,0.14285714285714285
0.6,0.4
0.4,0.6
0.75,0.25
0.36363636363636365,0.6363636363636364
0.2857142857142857,0.7142857142857143
0.75,0.25
0.6363636363636364,0.36363636363636365
0.5,0.5
0.6666666666666666,0.3333333333333333
0.8,0.2
0.75,0.25
0.6666666666666666,0.3333333333333333
0.2857142857142857,0.7142857142857143
0.6363636363636364,0.36363636363636365
0.7727272727272727,0.22727272727272727
0.75,0.25
0.8125,0.1875
0.8888888888888888,0.1111111111111111
0.4,0.6
0.5384615384615384,0.46153846153846156
0.8333333333333334,0.16666666666666666
0.47619047619047616,0.5238095238095238
0.2,0.8
0.5,0.5
0.75,0.25
0.3333333333333333,0.6666666666666666
0.3333333333333333,0.6666666666666666
0.75,0.25
0.6666666666666666,0.3333333333333333
0.875,0.125
0.8333333333333334,0.16666666666666666
0.47619047619047616,0.5238095238095238
0.2,0.8
0.5,0.5
0.75,0.25
0.5555555555555556,0.4444444444444444
0.3333333333333333,0.6666666666666666
0.625,0.375
0.6666666666666666,0.3333333333333333
0.875,0.125
0.125,0.875
0.6666666666666666,0.3333333333333333
0.6666666666666666,0.3333333333333333
0.6666666666666666,0.3333333333333333
0.6,0.4
0.75,0.25
0.6666666666666666,0.3333333333333333
0.6363636363636364,0.36363636363636365
0.4,0.6
0.125,0.875
0.5,0.5
0.7777777777777778,0.2222222222222222
0.6666666666666666,0.3333333333333333
0.4,0.6
0.75,0.25
0.6666666666666666,0.3333333333333333
0.5454545454545454,0.45454545454545453
0.6,0.4
0.6,0.4
0.8,0.2
0.8571428571428571,0.14285714285714285
0.8,0.2
0.6875,0.3125
0.42857142857142855,0.5714285714285714
0.6666666666666666,0.3333333333333333
0.8,0.2
0.7142857142857143,0.2857142857142857
0.5,0.5
0.8,0.2
0.8,0.2
0.8571428571428571,0.14285714285714285
0.8,0.2
0.625,0.375
0.42857142857142855,0.5714285714285714
0.5833333333333334,0.4166666666666667
0.8,0.2
0.7142857142857143,0.2857142857142857
0.5,0.5
0.4,0.6
0.7,0.3
0.5,0.5
0.75,0.25
0.75,0.25
0.8571428571428571,0.14285714285714285
0.8333333333333334,0.16666666666666666
0.5,0.5
0.6,0.4
0.75,0.25
0.4,0.6
0.7,0.3
0.5,0.5
0.75,0.25
0.75,0.25
0.8571428571428571,0.14285714285714285
0.8333333333333334,0.16666666666666666
0.2,0.8
0.8,0.2
0.75,0.25
0.4,0.6
0.7,0.3
0.5,0.5
0.75,0.25
0.75,0.25
0.8571428571428571,0.14285714285714285
0.8333333333333334,0.16666666666666666
0.2,0.8
0.6,0.4
0.75,0.25
0.4,0.6
0.7,0.3
0.5,0.5
0.75,0.25
0.75,0.25
0.8571428571428571,0.14285714285714285
0.8333333333333334,0.16666666666666666
0.2,0.8
0.6,0.4
0.75,0.25
0.6,0.4
0.7,0.3
0.5,0.5
0.75,0.25
0.75,0.25
0.8571428571428571,0.14285714285714285
0.8333333333333334,0.16666666666666666
0.2,0.8
0.6,0.4
0.75,0.25
0.4,0.6
0.5,0.5
0.5,0.5
0.75,0.25
0.75,0.25
0.8571428571428571,0.14285714285714285
0.8333333333333334,0.16666666666666666
0.2,0.8
0.6,0.4
0.75,0.25
0.4,0.6
0.7,0.3
0.5,0.5
0.75,0.25
0.75,0.25
0.8571428571428571,0.14285714285714285
0.8333333333333334,0.16666666666666666
0.2,0.8
0.6,0.4
0.875,0.125
0.1111111111111111,0.8888888888888888
0.42857142857142855,0.5714285714285714
0.2222222222222222,0.7777777777777778
0.5714285714285714,0.42857142857142855
0.1111111111111111,0.8888888888888888
0.42857142857142855,0.5714285714285714
0.1111111111111111,0.8888888888888888
0.42857142857142855,0.5714285714285714
0.1111111111111111,0.8888888888888888
0.42857142857142855,0.5714285714285714
0.1111111111111111,0.8888888888888888
0.42857142857142855,0.5714285714285714
0.1111111111111111,0.8888888888888888
0.42857142857142855,0.5714285714285714
0.75,0.25
0.5625,0.4375
0.5,0.5
0.5384615384615384,0.46153846153846156
0.5,0.5
0.875,0.125
0.7142857142857143,0.2857142857142857
0.6666666666666666,0.3333333333333333
0.5,0.5
0.3333333333333333,0.6666666666666666
0.6923076923076923,0.3076923076923077
0.5555555555555556,0.4444444444444444
0.4117647058823529,0.5882352941176471
0.75,0.25
0.6666666666666666,0.3333333333333333
0.625,0.375
0.25,0.75
0.5,0.5
0.3333333333333333,0.6666666666666666
0.6923076923076923,0.3076923076923077
0.4074074074074074,0.5925925925925926
0.4117647058823529,0.5882352941176471
0.75,0.25
0.6666666666666666,0.3333333333333333
0.75,0.25
0.25,0.75
0.5,0.5
0.3333333333333333,0.6666666666666666
0.6923076923076923,0.3076923076923077
0.4444444444444444,0.5555555555555556
0.35294117647058826,0.6470588235294118
0.75,0.25
0.6666666666666666,0.3333333333333333
0.5,0.5
0.25,0.75
0.5,0.5
0.3333333333333333,0.6666666666666666
0.6923076923076923,0.3076923076923077
0.4074074074074074,0.5925925925925926
0.4117647058823529,0.5882352941176471
0.75,0.25
0.6666666666666666,0.3333333333333333
0.75,0.25
0.25,0.75
0.5,0.5
0.3333333333333333,0.6666666666666666
0.6923076923076923,0.3076923076923077
0.4074074074074074,0.5925925925925926
0.4117647058823529,0.5882352941176471
0.75,0.25
0.6666666666666666,0.3333333333333333
0.75,0.25
0.25,0.75
0.5,0.5
0.3333333333333333,0.6666666666666666
0.5384615384615384,0.46153846153846156
0.4444444444444444,0.5555555555555556
0.4117647058823529,0.5882352941176471
0.75,0.25
0.6666666666666666,0.3333333333333333
0.625,0.375
0.25,0.75
0.5,0.5
0.3333333333333333,0.6666666666666666
0.6923076923076923,0.3076923076923077
0.37037037037037035,0.6296296296296297
0.7058823529411765,0.29411764705882354
0.75,0.25
0.6666666666666666,0.3333333333333333
0.625,0.375
0.25,0.75
0.5,0.5
0.3333333333333333,0.6666666666666666
0.6153846153846154,0.38461538461538464
0.4074074074074074,0.5925925925925926
0.4117647058823529,0.5882352941176471
0.75,0.25
0.6666666666666666,0.3333333333333333
0.625,0.375
0.25,0.75
0.5,0.5
0.3333333333333333,0.6666666666666666
0.6923076923076923,0.3076923076923077
0.4444444444444444,0.5555555555555556
0.4117647058823529,0.5882352941176471
0.75,0.25
0.6666666666666666,0.3333333333333333
0.625,0.375
0.5,0.5
0.5,0.5
0.3333333333333333,0.6666666666666666
0.6153846153846154,0.38461538461538464
0.4074074074074074,0.5925925925925926
0.4117647058823529,0.5882352941176471
0.75,0.25
0.6666666666666666,0.3333333333333333
0.625,0.375
0.25,0.75
0.5,0.5
0.8333333333333334,0.16666666666666666
0.5384615384615384,0.46153846153846156
0.4074074074074074,0.5925925925925926
0.4117647058823529,0.5882352941176471
0.75,0.25
0.6666666666666666,0.3333333333333333
0.75,0.25
0.25,0.75
0.6666666666666666,0.3333333333333333
0.75,0.25
0.75,0.25
0.75,0.25
0.13636363636363635,0.8636363636363636
0.5,0.5
0.4,0.6
0.75,0.25
0.8,0.2
0.17647058823529413,0.8235294117647058
0.5,0.5
0.75,0.25
0.25,0.75
0.13636363636363635,0.8636363636363636
0.5714285714285714,0.42857142857142855
0.4,0.6
0.75,0.25
0.8,0.2
0.17647058823529413,0.8235294117647058
0.5,0.5
0.75,0.25
0.25,0.75
0.18181818181818182,0.8181818181818182
0.5,0.5
0.4,0.6
0.75,0.25
0.8,0.2
0.17647058823529413,0.8235294117647058
0.5,0.5
0.75,0.25
0.25,0.75
0.13636363636363635,0.8636363636363636
0.5714285714285714,0.42857142857142855
0.4,0.6
0.75,0.25
0.8,0.2
0.47058823529411764,0.5294117647058824
0.5,0.5
0.75,0.25
0.25,0.75
0.13636363636363635,0.8636363636363636
0.5,0.5
0.4,0.6
0.75,0.25
0.8,0.2
0.23529411764705882,0.7647058823529411
0.5,0.5
0.75,0.25
0.25,0.75
0.13636363636363635,0.8636363636363636
0.42857142857142855,0.5714285714285714
0.4,0.6
0.75,0.25
0.8,0.2
0.17647058823529413,0.8235294117647058
0.5,0.5
0.75,0.25
0.25,0.75
0.5909090909090909,0.4090909090909091
0.5,0.5
0.4,0.6
0.5,0.5
0.8,0.2
0.17647058823529413,0.8235294117647058
0.5,0.5
0.75,0.25
0.25,0.75
0.13636363636363635,0.8636363636363636
0.5,0.5
0.4,0.6
0.75,0.25
0.8,0.2
0.17647058823529413,0.8235294117647058
0.5,0.5
0.75,0.25
0.25,0.75
0.18181818181818182,0.8181818181818182
0.5,0.5
0.4,0.6
0.75,0.25
0.6,0.4
0.17647058823529413,0.8235294117647058
0.5,0.5
0.75,0.25
0.25,0.75
0.13636363636363635,0.8636363636363636
0.5,0.5
0.4,0.6
0.75,0.25
0.8,0.2
0.23529411764705882,0.7647058823529411
0.5,0.5
0.75,0.25
0.25,0.75
0.13636363636363635,0.8636363636363636
0.5,0.5
0.4,0.6
0.5,0.5
0.8,0.2
0.17647058823529413,0.8235294117647058
0.5,0.5
0.75,0.25
0.25,0.75
0.13636363636363635,0.8636363636363636
0.5,0.5
0.4,0.6
0.5,0.5
0.8,0.2
0.17647058823529413,0.8235294117647058
0.5,0.5
0.75,0.25
0.25,0.75
0.18181818181818182,0.8181818181818182
0.5714285714285714,0.42857142857142855
0.4,0.6
0.75,0.25
0.8,0.2
0.17647058823529413,0.8235294117647058
0.5,0.5
0.75,0.25
0.25,0.75
0.13636363636363635,0.8636363636363636
0.5,0.5
0.4,0.6
0.75,0.25
0.8,0.2
0.17647058823529413,0.8235294117647058
0.5,0.5
0.75,0.25
0.25,0.75
0.13636363636363635,0.8636363636363636
0.5,0.5
0.4,0.6
0.75,0.25
0.8,0.2
0.5882352941176471,0.4117647058823529
0.5,0.5
0.75,0.25
0.25,0.75
0.13636363636363635,0.8636363636363636
0.5,0.5
0.4,0.6
0.75,0.25
0.8,0.2
0.17647058823529413,0.8235294117647058
0.5,0.5
0.75,0.25
0.25,0.75
0.13636363636363635,0.8636363636363636
0.42857142857142855,0.5714285714285714
0.4,0.6
0.75,0.25
0.8,0.2
0.17647058823529413,0.8235294117647058
0.5,0.5
0.75,0.25
0.25,0.75
0.5909090909090909,0.4090909090909091
0.5,0.5
0.4,0.6
0.75,0.25
0.8,0.2
0.17647058823529413,0.8235294117647058
0.5,0.5
0.2,0.8
0.5,0.5
0.8571428571428571,0.14285714285714285
0.5,0.5
0.7142857142857143,0.2857142857142857
0.7142857142857143,0.2857142857142857
0.8571428571428571,0.14285714285714285
0.8333333333333334,0.16666666666666666
0.4,0.6
0.75,0.25
0.7777777777777778,0.2222222222222222
0.8,0.2
0.75,0.25
0.5555555555555556,0.4444444444444444
0.5,0.5
0.7,0.3
0.6153846153846154,0.38461538461538464
0.6666666666666666,0.3333333333333333
0.7142857142857143,0.2857142857142857
0.8333333333333334,0.16666666666666666
0.4,0.6
0.5714285714285714,0.42857142857142855
0.5555555555555556,0.4444444444444444
0.5,0.5
0.9,0.1
0.8461538461538461,0.15384615384615385
0.3333333333333333,0.6666666666666666
0.42857142857142855,0.5714285714285714
0.8333333333333334,0.16666666666666666
0.3,0.7
0.5714285714285714,0.42857142857142855
0.8,0.2
0.5555555555555556,0.4444444444444444
0.16666666666666666,0.8333333333333334
0.75,0.25
0.75,0.25
0.8,0.2
0.3333333333333333,0.6666666666666666
0.5,0.5
0.6,0.4
0.6,0.4
0.875,0.125
0.6666666666666666,0.3333333333333333
0.6,0.4
0.5,0.5
0.5555555555555556,0.4444444444444444
0.8571428571428571,0.14285714285714285
0.1111111111111111,0.8888888888888888
0.6,0.4
0.875,0.125
0.7142857142857143,0.2857142857142857
0.75,0.25
0.6666666666666666,0.3333333333333333
0.6,0.4
0.5,0.5
0.5555555555555556,0.4444444444444444
0.8571428571428571,0.14285714285714285
0.1111111111111111,0.8888888888888888
0.6,0.4
0.625,0.375
0.5714285714285714,0.42857142857142855
0.75,0.25
0.6666666666666666,0.3333333333333333
0.6,0.4
0.5,0.5
0.5555555555555556,0.4444444444444444
0.8571428571428571,0.14285714285714285
0.2222222222222222,0.7777777777777778
0.6,0.4
0.875,0.125
0.7142857142857143,0.2857142857142857
0.75,0.25
0.6666666666666666,0.3333333333333333
0.6,0.4
0.5,0.5
0.5555555555555556,0.4444444444444444
0.8571428571428571,0.14285714285714285
0.2222222222222222,0.7777777777777778
0.6,0.4
0.875,0.125
0.7142857142857143,0.2857142857142857
0.75,0.25
0.6666666666666666,0.3333333333333333
0.6,0.4
0.5,0.5
0.5555555555555556,0.4444444444444444
0.8571428571428571,0.14285714285714285
0.1111111111111111,0.8888888888888888
0.6,0.4
0.875,0.125
0.7142857142857143,0.2857142857142857
0.75,0.25
0.6666666666666666,0.3333333333333333
0.6,0.4
0.5,0.5
0.5555555555555556,0.4444444444444444
0.8571428571428571,0.14285714285714285
0.2222222222222222,0.7777777777777778
0.6,0.4
0.875,0.125
0.7142857142857143,0.2857142857142857
0.75,0.25
0.6666666666666666,0.3333333333333333
0.5,0.5
0.5,0.5
0.5555555555555556,0.4444444444444444
0.8571428571428571,0.14285714285714285
0.1111111111111111,0.8888888888888888
0.4,0.6
0.875,0.125
0.7142857142857143,0.2857142857142857
0.75,0.25
0.6666666666666666,0.3333333333333333
0.6,0.4
0.75,0.25
0.5555555555555556,0.4444444444444444
0.8571428571428571,0.14285714285714285
0.1111111111111111,0.8888888888888888
0.6,0.4
0.875,0.125
0.7142857142857143,0.2857142857142857
0.75,0.25
0.6666666666666666,0.3333333333333333
0.6,0.4
0.5,0.5
0.5555555555555556,0.4444444444444444
0.8571428571428571,0.14285714285714285
0.1111111111111111,0.8888888888888888
0.4,0.6
0.875,0.125
0.7142857142857143,0.2857142857142857
0.75,0.25
0.6666666666666666,0.3333333333333333
0.6,0.4
0.5,0.5
0.5555555555555556,0.4444444444444444
0.5714285714285714,0.42857142857142855
0.2222222222222222,0.7777777777777778
0.4,0.6
0.875,0.125
0.7142857142857143,0.2857142857142857
0.75,0.25
0.6666666666666666,0.3333333333333333
0.6,0.4
0.5,0.5
0.5555555555555556,0.4444444444444444
0.8571428571428571,0.14285714285714285
0.4444444444444444,0.5555555555555556
0.6,0.4
0.875,0.125
0.7142857142857143,0.2857142857142857
0.75,0.25
0.6666666666666666,0.3333333333333333
0.6,0.4
0.5,0.5
0.5555555555555556,0.4444444444444444
0.8571428571428571,0.14285714285714285
0.1111111111111111,0.8888888888888888
0.6,0.4
0.875,0.125
0.7142857142857143,0.2857142857142857
0.75,0.25
0.6666666666666666,0.3333333333333333
0.6,0.4
0.5,0.5
0.5555555555555556,0.4444444444444444
0.8571428571428571,0.14285714285714285
0.1111111111111111,0.8888888888888888
0.4,0.6
0.625,0.375
0.7142857142857143,0.2857142857142857
0.75,0.25
0.5,0.5
0.7,0.3
0.5,0.5
0.5714285714285714,0.42857142857142855
0.6,0.4
0.4,0.6
0.875,0.125
0.6666666666666666,0.3333333333333333
0.4,0.6
0.8,0.2
0.5294117647058824,0.47058823529411764
0.75,0.25
0.5,0.5
0.8333333333333334,0.16666666666666666
0.6666666666666666,0.3333333333333333
0.75,0.25
0.8,0.2
0.6666666666666666,0.3333333333333333
0.8333333333333334,0.16666666666666666
0.8,0.2
0.5294117647058824,0.47058823529411764
0.75,0.25
0.5,0.5
0.8333333333333334,0.16666666666666666
0.6666666666666666,0.3333333333333333
0.75,0.25
0.8,0.2
0.5833333333333334,0.4166666666666667
0.8333333333333334,0.16666666666666666
0.8,0.2
0.47058823529411764,0.5294117647058824
0.75,0.25
0.5,0.5
0.8333333333333334,0.16666666666666666
0.6666666666666666,0.3333333333333333
0.75,0.25
0.8,0.2
0.75,0.25
0.8333333333333334,0.16666666666666666
0.875,0.125
0.8333333333333334,0.16666666666666666
0.6666666666666666,0.3333333333333333
0.25,0.75
0.8571428571428571,0.14285714285714285
0.625,0.375
0.7142857142857143,0.2857142857142857
0.9090909090909091,0.09090909090909091
0.75,0.25
0.75,0.25
0.5,0.5
0.42857142857142855,0.5714285714285714
0.7142857142857143,0.2857142857142857
0.5714285714285714,0.42857142857142855
0.7142857142857143,0.2857142857142857
0.9090909090909091,0.09090909090909091
0.5,0.5
0.75,0.25
0.5,0.5
0.5714285714285714,0.42857142857142855
0.2857142857142857,0.7142857142857143
0.42857142857142855,0.5714285714285714
0.5238095238095238,0.47619047619047616
0.875,0.125
0.5833333333333334,0.4166666666666667
0.7222222222222222,0.2777777777777778
0.625,0.375
0.8,0.2
0.45454545454545453,0.5454545454545454
0.8125,0.1875
0.5,0.5
0.3333333333333333,0.6666666666666666
0.7692307692307693,0.23076923076923078
0.7,0.3
0.75,0.25
0.5555555555555556,0.4444444444444444
0.75,0.25
0.9,0.1
0.5454545454545454,0.45454545454545453
0.8125,0.1875
0.5,0.5
0.3333333333333333,0.6666666666666666
0.6923076923076923,0.3076923076923077
0.6,0.4
0.6666666666666666,0.3333333333333333
0.8333333333333334,0.16666666666666666
0.5,0.5
0.3333333333333333,0.6666666666666666
0.8333333333333334,0.16666666666666666
0.7647058823529411,0.23529411764705882
0.8666666666666667,0.13333333333333333
0.4117647058823529,0.5882352941176471
0.5384615384615384,0.46153846153846156
0.9090909090909091,0.09090909090909091
0.6666666666666666,0.3333333333333333
0.8,0.2
0.35714285714285715,0.6428571428571429
0.8333333333333334,0.16666666666666666
0.5,0.5
0.6666666666666666,0.3333333333333333
0.5,0.5
0.9090909090909091,0.09090909090909091
0.6666666666666666,0.3333333333333333
0.8,0.2
0.35714285714285715,0.6428571428571429
0.8333333333333334,0.16666666666666666
0.3333333333333333,0.6666666666666666
0.7777777777777778,0.2222222222222222
0.5,0.5
0.5,0.5
0.75,0.25
0.6,0.4
0.75,0.25
0.5,0.5
0.5,0.5
0.9,0.1
0.9166666666666666,0.08333333333333333
0.4,0.6
0.8333333333333334,0.16666666666666666
0.4,0.6
0.9166666666666666,0.08333333333333333
0.75,0.25
0.5,0.5
0.7,0.3
0.9166666666666666,0.08333333333333333
0.4,0.6
0.8333333333333334,0.16666666666666666
0.4,0.6
0.9166666666666666,0.08333333333333333
0.8,0.2
0.6666666666666666,0.3333333333333333
0.9166666666666666,0.08333333333333333
0.875,0.125
0.6666666666666666,0.3333333333333333
0.2857142857142857,0.7142857142857143
0.8,0.2
0.5714285714285714,0.42857142857142855
0.8,0.2
0.4444444444444444,0.5555555555555556
0.38461538461538464,0.6153846153846154
0.9,0.1
0.75,0.25
0.5,0.5
0.75,0.25
0.2857142857142857,0.7142857142857143
0.8,0.2
0.5714285714285714,0.42857142857142855
0.8,0.2
0.3333333333333333,0.6666666666666666
0.38461538461538464,0.6153846153846154
0.9,0.1
0.75,0.25
0.6666666666666666,0.3333333333333333
0.75,0.25
0.2857142857142857,0.7142857142857143
0.8,0.2
0.5714285714285714,0.42857142857142855
0.8,0.2
0.4444444444444444,0.5555555555555556
0.3076923076923077,0.6923076923076923
0.9,0.1
0.75,0.25
0.5,0.5
0.5,0.5
0.2857142857142857,0.7142857142857143
0.8,0.2
0.5714285714285714,0.42857142857142855
0.8,0.2
0.4444444444444444,0.5555555555555556
0.3076923076923077,0.6923076923076923
0.9,0.1
0.75,0.25
0.5833333333333334,0.4166666666666667
0.6666666666666666,0.3333333333333333
0.5714285714285714,0.42857142857142855
0.8,0.2
0.5714285714285714,0.42857142857142855
0.8,0.2
0.5555555555555556,0.4444444444444444
0.3076923076923077,0.6923076923076923
0.9,0.1
0.75,0.25
0.4166666666666667,0.5833333333333334
0.6666666666666666,0.3333333333333333
0.7777777777777778,0.2222222222222222
0.6,0.4
0.26666666666666666,0.7333333333333333
0.4,0.6
0.7272727272727273,0.2727272727272727
0.42857142857142855,0.5714285714285714
0.25,0.75
0.5,0.5
0.8,0.2
0.6666666666666666,0.3333333333333333
0.7,0.3
0.26666666666666666,0.7333333333333333
0.4,0.6
0.7272727272727273,0.2727272727272727
0.42857142857142855,0.5714285714285714
0.25,0.75
0.5,0.5
0.8,0.2
0.6666666666666666,0.3333333333333333
0.7,0.3
0.8333333333333334,0.16666666666666666
0.5,0.5
0.8333333333333334,0.16666666666666666
0.7,0.3
0.75,0.25
0.6,0.4
0.8888888888888888,0.1111111111111111
0.75,0.25
0.8,0.2
0.8333333333333334,0.16666666666666666
0.625,0.375
0.6,0.4
0.8888888888888888,0.1111111111111111
0.2222222222222222,0.7777777777777778
0.5,0.5
0.5454545454545454,0.45454545454545453
0.9090909090909091,0.09090909090909091
0.8,0.2
0.8333333333333334,0.16666666666666666
0.625,0.375
0.65,0.35
0.8888888888888888,0.1111111111111111
0.2222222222222222,0.7777777777777778
0.75,0.25
0.5454545454545454,0.45454545454545453
0.7272727272727273,0.2727272727272727
0.8,0.2
0.8333333333333334,0.16666666666666666
0.625,0.375
0.7,0.3
0.8888888888888888,0.1111111111111111
0.2222222222222222,0.7777777777777778
0.75,0.25
0.45454545454545453,0.5454545454545454
0.9090909090909091,0.09090909090909091
0.8,0.2
0.6666666666666666,0.3333333333333333
0.625,0.375
0.65,0.35
0.8888888888888888,0.1111111111111111
0.2222222222222222,0.7777777777777778
0.75,0.25
0.45454545454545453,0.5454545454545454
0.9090909090909091,0.09090909090909091
0.8,0.2
0.8333333333333334,0.16666666666666666
0.625,0.375
0.55,0.45
0.8888888888888888,0.1111111111111111
0.3333333333333333,0.6666666666666666
0.75,0.25
0.45454545454545453,0.5454545454545454
0.9090909090909091,0.09090909090909091
0.6875,0.3125
0.5294117647058824,0.47058823529411764
0.8,0.2
0.4444444444444444,0.5555555555555556
0.16666666666666666,0.8333333333333334
0.6666666666666666,0.3333333333333333
0.8333333333333334,0.16666666666666666
0.4117647058823529,0.5882352941176471
0.75,0.25
0.6875,0.3125
0.5294117647058824,0.47058823529411764
0.8,0.2
0.4444444444444444,0.5555555555555556
0.25,0.75
0.8333333333333334,0.16666666666666666
0.8333333333333334,0.16666666666666666
0.47058823529411764,0.5294117647058824
0.75,0.25
0.6875,0.3125
0.5882352941176471,0.4117647058823529
0.8,0.2
0.4444444444444444,0.5555555555555556
0.16666666666666666,0.8333333333333334
0.8333333333333334,0.16666666666666666
0.8333333333333334,0.16666666666666666
0.4117647058823529,0.5882352941176471
0.75,0.25
0.75,0.25
0.7777777777777778,0.2222222222222222
0.8888888888888888,0.1111111111111111
0.5714285714285714,0.42857142857142855
0.5714285714285714,0.42857142857142855
0.8571428571428571,0.14285714285714285
0.75,0.25
0.6666666666666666,0.3333333333333333
0.7777777777777778,0.2222222222222222
0.6363636363636364,0.36363636363636365
0.6,0.4
0.8333333333333334,0.16666666666666666
0.3333333333333333,0.6666666666666666
0.8333333333333334,0.16666666666666666
0.7,0.3
0.6666666666666666,0.3333333333333333
0.875,0.125
0.8333333333333334,0.16666666666666666
0.7142857142857143,0.2857142857142857
0.75,0.25
0.8,0.2
0.6666666666666666,0.3333333333333333
0.8181818181818182,0.18181818181818182
0.8,0.2
0.7142857142857143,0.2857142857142857
0.8571428571428571,0.14285714285714285
0.8333333333333334,0.16666666666666666
0.6666666666666666,0.3333333333333333
0.7142857142857143,0.2857142857142857
0.75,0.25
0.6,0.4
0.6666666666666666,0.3333333333333333
0.6363636363636364,0.36363636363636365
0.8,0.2
0.7142857142857143,0.2857142857142857
0.8571428571428571,0.14285714285714285
0.8333333333333334,0.16666666666666666
0.8333333333333334,0.16666666666666666
0.7142857142857143,0.2857142857142857
0.75,0.25
0.8,0.2
0.6666666666666666,0.3333333333333333
0.6363636363636364,0.36363636363636365
0.6,0.4
0.8571428571428571,0.14285714285714285
0.8571428571428571,0.14285714285714285
0.8333333333333334,0.16666666666666666
0.75,0.25
0.75,0.25
0.8,0.2
0.8,0.2
0.875,0.125
0.6153846153846154,0.38461538461538464
0.5714285714285714,0.42857142857142855
0.5,0.5
0.7777777777777778,0.2222222222222222
0.75,0.25
0.8,0.2
0.8,0.2
0.875,0.125
0.5384615384615384,0.46153846153846156
0.7142857142857143,0.2857142857142857
0.625,0.375
0.8888888888888888,0.1111111111111111
0.45454545454545453,0.5454545454545454
0.5384615384615384,0.46153846153846156
0.6428571428571429,0.35714285714285715
0.8695652173913043,0.13043478260869565
0.6666666666666666,0.3333333333333333
0.2857142857142857,0.7142857142857143
0.8333333333333334,0.16666666666666666
0.6,0.4
0.8888888888888888,0.1111111111111111
0.6666666666666666,0.3333333333333333
0.8333333333333334,0.16666666666666666
0.7142857142857143,0.2857142857142857
0.7142857142857143,0.2857142857142857
0.6666666666666666,0.3333333333333333
0.5,0.5
0.6666666666666666,0.3333333333333333
0.875,0.125
0.8,0.2
0.6,0.4
0.5555555555555556,0.4444444444444444
0.8461538461538461,0.15384615384615385
0.2857142857142857,0.7142857142857143
0.36363636363636365,0.6363636363636364
0.8,0.2
0.5,0.5
0.6666666666666666,0.3333333333333333
0.75,0.25
0.75,0.25
0.875,0.125
0.75,0.25
0.6,0.4
0.6666666666666666,0.3333333333333333
0.5714285714285714,0.42857142857142855
0.4444444444444444,0.5555555555555556
0.875,0.125
0.6666666666666666,0.3333333333333333
0.8571428571428571,0.14285714285714285
0.625,0.375
0.2857142857142857,0.7142857142857143
0.8571428571428571,0.14285714285714285
0.8,0.2
0.6666666666666666,0.3333333333333333
0.5,0.5
0.8571428571428571,0.14285714285714285
0.8571428571428571,0.14285714285714285
0.8571428571428571,0.14285714285714285
0.3333333333333333,0.6666666666666666
0.5,0.5
0.5714285714285714,0.42857142857142855
0.7142857142857143,0.2857142857142857
0.8,0.2
0.5555555555555556,0.4444444444444444
0.5,0.5
0.8571428571428571,0.14285714285714285
0.7142857142857143,0.2857142857142857
0.8571428571428571,0.14285714285714285
0.3333333333333333,0.6666666666666666
0.3333333333333333,0.6666666666666666
0.6153846153846154,0.38461538461538464
0.3333333333333333,0.6666666666666666
0.7647058823529411,0.23529411764705882
0.6,0.4
0.7333333333333333,0.26666666666666666
0.7,0.3
0.5789473684210527,0.42105263157894735
0.6666666666666666,0.3333333333333333
0.75,0.25
0.5833333333333334,0.4166666666666667
0.5,0.5
0.8,0.2
0.5555555555555556,0.4444444444444444
0.8333333333333334,0.16666666666666666
0.6666666666666666,0.3333333333333333
0.6,0.4
0.8823529411764706,0.11764705882352941
0.8181818181818182,0.18181818181818182
0.5,0.5
0.8,0.2
0.4,0.6
0.75,0.25
0.25,0.75
0.7142857142857143,0.2857142857142857
0.6,0.4
0.75,0.25
0.8333333333333334,0.16666666666666666
0.6363636363636364,0.36363636363636365
0.4,0.6
0.8,0.2
0.4,0.6
0.875,0.125
0.25,0.75
0.7142857142857143,0.2857142857142857
0.6,0.4
0.75,0.25
0.6666666666666666,0.3333333333333333
0.5454545454545454,0.45454545454545453
0.4,0.6
0.7,0.3
0.8333333333333334,0.16666666666666666
0.5,0.5
0.7142857142857143,0.2857142857142857
0.8571428571428571,0.14285714285714285
0.7,0.3
0.75,0.25
0.8,0.2
0.2857142857142857,0.7142857142857143
0.875,0.125
0.7,0.3
0.8333333333333334,0.16666666666666666
0.5,0.5
0.7142857142857143,0.2857142857142857
0.8571428571428571,0.14285714285714285
0.7,0.3
0.8333333333333334,0.16666666666666666
0.6,0.4
0.2857142857142857,0.7142857142857143
0.875,0.125
0.7857142857142857,0.21428571428571427
0.5833333333333334,0.4166666666666667
0.625,0.375
0.6666666666666666,0.3333333333333333
0.8571428571428571,0.14285714285714285
0.75,0.25
0.4,0.6
0.75,0.25
0.5714285714285714,0.42857142857142855
0.5,0.5
0.5,0.5
0.6666666666666666,0.3333333333333333
0.8571428571428571,0.14285714285714285
0.625,0.375
0.6,0.4
0.75,0.25
0.42857142857142855,0.5714285714285714
0.4,0.6
0.625,0.375
0.7272727272727273,0.2727272727272727
0.5,0.5
0.8,0.2
0.16666666666666666,0.8333333333333334
0.8571428571428571,0.14285714285714285
0.42857142857142855,0.5714285714285714
0.2,0.8
0.625,0.375
0.6363636363636364,0.36363636363636365
0.75,0.25
0.7,0.3
0.16666666666666666,0.8333333333333334
0.8571428571428571,0.14285714285714285
0.42857142857142855,0.5714285714285714
0.2,0.8
0.5,0.5
0.7272727272727273,0.2727272727272727
0.5,0.5
0.8,0.2
0.16666666666666666,0.8333333333333334
0.7142857142857143,0.2857142857142857
0.4,0.6
0.7142857142857143,0.2857142857142857
0.7333333333333333,0.26666666666666666
0.42857142857142855,0.5714285714285714
0.6666666666666666,0.3333333333333333
0.5555555555555556,0.4444444444444444
0.6,0.4
0.75,0.25
0.625,0.375
0.7777777777777778,0.2222222222222222
0.8333333333333334,0.16666666666666666
0.8461538461538461,0.15384615384615385
0.75,0.25
0.4,0.6
0.6153846153846154,0.38461538461538464
0.5555555555555556,0.4444444444444444
0.7647058823529411,0.23529411764705882
0.625,0.375
0.7272727272727273,0.2727272727272727
0.42857142857142855,0.5714285714285714
0.5,0.5
0.5,0.5
0.5,0.5
0.6666666666666666,0.3333333333333333
0.8,0.2
0.8,0.2
0.2,0.8
0.6,0.4
0.75,0.25
0.16666666666666666,0.8333333333333334
0.75,0.25
0.8,0.2
0.6666666666666666,0.3333333333333333
0.25,0.75
0.75,0.25
0.875,0.125
0.6666666666666666,0.3333333333333333
0.16666666666666666,0.8333333333333334
0.625,0.375
0.8,0.2
0.5,0.5
0.25,0.75
0.75,0.25
0.75,0.25
0.6666666666666666,0.3333333333333333
0.25,0.75
0.75,0.25
0.6923076923076923,0.3076923076923077
0.5,0.5
0.3333333333333333,0.6666666666666666
0.5714285714285714,0.42857142857142855
0.875,0.125
0.5,0.5
0.2857142857142857,0.7142857142857143
0.6666666666666666,0.3333333333333333
0.8333333333333334,0.16666666666666666
0.7142857142857143,0.2857142857142857
0.6666666666666666,0.3333333333333333
0.625,0.375
0.5454545454545454,0.45454545454545453
0.75,0.25
0.8,0.2
0.6666666666666666,0.3333333333333333
0.875,0.125
0.2857142857142857,0.7142857142857143
0.5714285714285714,0.42857142857142855
0.8,0.2
0.6666666666666666,0.3333333333333333
0.875,0.125
0.5454545454545454,0.45454545454545453
0.6666666666666666,0.3333333333333333
0.8,0.2
0.6666666666666666,0.3333333333333333
0.875,0.125
0.42857142857142855,0.5714285714285714
0.8571428571428571,0.14285714285714285
0.8,0.2
0.75,0.25
0.42857142857142855,0.5714285714285714
0.4,0.6
0.7777777777777778,0.2222222222222222
0.42857142857142855,0.5714285714285714
0.7142857142857143,0.2857142857142857
0.625,0.375
0.2,0.8
0.3333333333333333,0.6666666666666666
0.42857142857142855,0.5714285714285714
0.5,0.5
0.375,0.625
0.42857142857142855,0.5714285714285714
0.7142857142857143,0.2857142857142857
0.625,0.375
0.2,0.8
0.16666666666666666,0.8333333333333334
0.42857142857142855,0.5714285714285714
0.3333333333333333,0.6666666666666666
0.5,0.5
0.2857142857142857,0.7142857142857143
0.42857142857142855,0.5714285714285714
0.625,0.375
0.2,0.8
0.16666666666666666,0.8333333333333334
0.42857142857142855,0.5714285714285714
0.3333333333333333,0.6666666666666666
0.375,0.625
0.5714285714285714,0.42857142857142855
0.3,0.7
0.5,0.5
0.75,0.25
0.6666666666666666,0.3333333333333333
0.7142857142857143,0.2857142857142857
0.4,0.6
0.5555555555555556,0.4444444444444444
0.25,0.75
0.5714285714285714,0.42857142857142855
0.8333333333333334,0.16666666666666666
0.8125,0.1875
0.6,0.4
0.5714285714285714,0.42857142857142855
0.5,0.5
0.75,0.25
0.8571428571428571,0.14285714285714285
0.5,0.5
0.8333333333333334,0.16666666666666666
0.5714285714285714,0.42857142857142855
0.2857142857142857,0.7142857142857143
0.75,0.25
0.8181818181818182,0.18181818181818182
0.7142857142857143,0.2857142857142857
0.8571428571428571,0.14285714285714285
0.5,0.5
0.8333333333333334,0.16666666666666666
0.6428571428571429,0.35714285714285715
0.14285714285714285,0.8571428571428571
0.5,0.5
0.7272727272727273,0.2727272727272727
0.7142857142857143,0.2857142857142857
0.75,0.25
0.2,0.8
0.6,0.4
0.7647058823529411,0.23529411764705882
0.6923076923076923,0.3076923076923077
0.9,0.1
0.6666666666666666,0.3333333333333333
0.4444444444444444,0.5555555555555556
0.5714285714285714,0.42857142857142855
0.75,0.25
0.5555555555555556,0.4444444444444444
0.45454545454545453,0.5454545454545454
0.75,0.25
0.7058823529411765,0.29411764705882354
0.5384615384615384,0.46153846153846156
0.7,0.3
0.3333333333333333,0.6666666666666666
0.5555555555555556,0.4444444444444444
0.5714285714285714,0.42857142857142855
0.75,0.25
0.6666666666666666,0.3333333333333333
0.45454545454545453,0.5454545454545454
0.75,0.25
0.9,0.1
0.8,0.2
0.9090909090909091,0.09090909090909091
0.6,0.4
0.6,0.4
0.5,0.5
0.8333333333333334,0.16666666666666666
0.6153846153846154,0.38461538461538464
0.25,0.75
0.7272727272727273,0.2727272727272727
0.6666666666666666,0.3333333333333333
